artist,success_score
Snoop Dogg,0.7500080649071126
Busta Rhymes,0.5944413489392765
Plácido Domingo,0.47975496711653887
Lil Wayne,0.4651777090298602
Pitbull,0.4524753671687103
Akon,0.4430618575669545
Andrea Bocelli,0.4311273069383753
T.I.,0.42992771658886575
David Guetta,0.42879263007937196
Bun B,0.4041471951228372
French Montana,0.3967400618523899
London Symphony Orchestra,0.3718390762112928
Rick Ross,0.36505654559921386
Kendrick Lamar,0.36214399556314836
E‐40,0.3575408146068338
The Game,0.356111841651271
Ye,0.3465243529488323
Pharrell Williams,0.33945427705017395
Chris Brown,0.3353629067199849
J Balvin,0.3179044465854709
Zion & Lennox,0.315782859421531
De La Ghetto,0.31399564452262974
Trae,0.31397309508815335
Orquestra de la Comunitat Valenciana,0.30521041566087836
Nicki Minaj,0.299619021877423
Gucci Mane,0.29887038863770493
KXNG Crooked,0.2933038006682124
Daddy Yankee,0.28519497758866313
Cor de la Generalitat Valenciana,0.2815387079996806
Vishal Dadlani,0.2813489565880928
Sheku Kanneh‐Mason,0.2804057075245737
Ana María Martínez,0.2740603997133076
Steve Aoki,0.2717732414401805
Kylie Minogue,0.2697829568476885
Ty Dolla $ign,0.2670497602149467
Major Lazer,0.2640508485414975
Mary J. Blige,0.260736662701347
Juicy J,0.25884783261477706
Wiz Khalifa,0.25760943899502126
Arturo Sandoval,0.25729399367535
Planet Asia,0.2568331480736785
Ludacris,0.25611479945669813
Farruko,0.25517464295686465
Ozuna,0.2551353609515259
Jadakiss,0.25450562150227957
DJ Kay Slay,0.25164957008526573
Fat Joe,0.2506206505690415
T‐Pain,0.24620892866639615
Ras Kass,0.24296429915181306
JAY‐Z,0.2426461059809163
2 Chainz,0.2385570569159713
Kurupt,0.23822289867600405
The Notorious B.I.G.,0.23806515659162023
Jim Jones,0.2378052582565791
Styles P,0.23522209348819506
Fabolous,0.2343661123226362
Mistah F.A.B.,0.23303317493545414
Ñengo Flow,0.23105622927507594
Raekwon,0.2296240632336411
A$AP Rocky,0.22804560538192165
Big Sean,0.22574896958997653
DJ Khaled,0.22501521229265967
Twista,0.22415748434971672
Arcángel,0.22112492458185723
Jeezy,0.22066716966105457
Diddy,0.2199089465364251
Freeway,0.21766926277127155
YG,0.21726238749070098
Paul Wall,0.2160201470346393
Talib Kweli,0.21517641714896363
Future,0.2149568313412814
Termanology,0.21445107792126122
J Álvarez,0.21098469066806674
Statik Selektah,0.2097393977618601
Royce da 5′9″,0.20812276826620976
DJ Drama,0.20701721159516925
[theatre],0.2062325779988809
Sean Price,0.20284470500385696
Pusha T,0.20270664985836892
N.O.R.E.,0.20179862153561792
Ghostface Killah,0.1975490236522723
Yo Gotti,0.19733822566988693
Tyga,0.19715908354757042
Dave East,0.1966010527420171
Dr. Dre,0.1940886835209628
Sean Paul,0.19269531899203074
Wisin,0.19145052895363682
Usher,0.1908837420063933
Peter Hoare,0.18979678258083016
2Pac,0.18973525616867387
Marco Armiliato,0.18778090837534894
Nile Rodgers,0.1867310625034107
Anitta,0.18642127593194308
Lil Jon,0.185368762879001
Lin‐Manuel Miranda,0.18493701695980644
Skyzoo,0.18285485438933058
Lil Yachty,0.18258780663396282
Eminem,0.1811071130837977
Snowgoons,0.17968046374906926
Armin van Buuren,0.17904692876544873
Quavo,0.17826638799732863
Darell,0.1781412292210567
Orchestra Sinfonica di Milano Giuseppe Verdi,0.17686603488900207
Almighty,0.17685160733538605
Nipsey Hussle,0.1756014744662817
Birdman,0.17510096554021304
Curren$y,0.1750127910271476
Nicky Jam,0.17391454641699006
Jowell & Randy,0.17375953984350567
Cosculluela,0.17313118196013044
Maino,0.1731300516204918
Ne‐Yo,0.17240028919500228
Yomo,0.1721899994179369
Rich the Kid,0.1701869325861317
Tiësto,0.17012978569861653
Diplo,0.1697146717639526
Tech N9ne,0.16967060054906205
Aloe Blacc,0.16533101098995637
Franco “El Gorila”,0.1640716795028857
Bryant Myers,0.16179951085090769
Jermaine Dupri,0.16141454104174294
Dimitri Vegas & Like Mike,0.1609875087213961
Young Thug,0.16083589966812742
Tony Touch,0.160516770936795
Clean Bandit,0.1600749160415255
Coro Sinfonico di Milano Giuseppe Verdi,0.15997673497378623
Brray,0.1596251318885765
Pete Tong,0.15885824273586646
Xzibit,0.15874230433517936
Rauw Alejandro,0.15733911346414806
Papoose,0.1553224844287509
Noriel,0.1550861354519545
Drake,0.1544608287486714
Maverick City Music,0.15249102019805366
Cam’ron,0.15185385591160372
Flo Rida,0.15069474834316446
Shabaam Sahdeeq,0.15009354055646743
Canibus,0.14921520522302048
Travis Scott,0.14916610678620662
Wale,0.14878008729860515
B‐Real,0.1484088157277208
Anuel AA,0.14830059573607357
Ransom,0.14780631734306277
Arijit Singh,0.14575624872244924
Kool G Rap,0.14548725408028215
Juanka,0.14545424262838322
Guelo Star,0.14529987322822763
Jennifer Lopez,0.14519479951424863
E.D.I. Mean,0.1447864372510457
Benny the Butcher,0.1443763382599809
Topic,0.1441577303191928
Jay Rock,0.1440948871090455
Lucio Gallo,0.1438842275037412
Fergie,0.14338937836290516
Voltio,0.14335323251161788
Vado,0.1432376092159211
Meek Mill,0.14312357706377804
Yukmouth,0.1431091781603822
Gabry Ponte,0.14275201270226884
Young Noble,0.14042853591525922
Daz Dillinger,0.14015565966192478
Method Man,0.1399428500755446
James Corden,0.13957496823111396
Justin Timberlake,0.13904807587083287
Ruste Juxx,0.13899879770982576
Sebastián Yatra,0.1389194818317945
Zion,0.13883739742448148
Zubin Mehta,0.13688615005188748
Memphis Bleek,0.13651461698242215
Beyoncé,0.13638387621272496
Too $hort,0.13629936671157505
El Alfa,0.1361044549391141
Joell Ortiz,0.13585285229833102
Nate Dogg,0.13489714896345475
will.i.am,0.13473890508832478
Sheek Louch,0.13468845168320745
Orchestra dell’Accademia Nazionale di Santa Cecilia,0.13460172315885502
Badshah,0.13459699898889882
Myke Towers,0.13398595776489447
Ron Carter,0.13376404824455249
Vinnie Paz,0.13343771083664516
ScHoolboy Q,0.13318386618514041
FERG,0.13315322732974338
Common,0.13303037453220595
Blu,0.13258929069518371
John Legend,0.13236623560093347
Pritam,0.13197157521063066
Wiley,0.13174541354291622
Afrojack,0.1315230718633687
Justin Bieber,0.1314123838796854
Ab‐Soul,0.13117074078339538
Miky Woodz,0.130999745990432
Waka Flocka Flame,0.12967882383207355
Lenny Tavárez,0.1296750425682199
Chip,0.12963727189517577
Conan O’Brien,0.12942555804970407
Bad Bunny,0.12917739877067555
Justin Quiles,0.1291655421863105
Tanishk Bagchi,0.1285850626515231
Kid Cudi,0.1282659205194026
Sadat X,0.1282190082720186
Rudimental,0.12820815212938144
Jeremih,0.1281925594390428
Ill Bill,0.1267332748291124
JasonMartin,0.12609533245033325
Dalex,0.12608749667171223
Stephanie Beatriz,0.12600753879418453
Jul,0.12571833402809224
Hardwell,0.12524522113441988
Slim Thug,0.12524234110336988
Nio García,0.12500875221753666
Ghetts,0.12447786725626497
Martin Garrix,0.12429568563344369
Mustard,0.12375000891611362
Ñejo,0.12366946521638734
Nas,0.12365802884524968
Brytiago,0.12261570265884018
Benny Dayal,0.12245103415332259
Offset,0.12185762247328344
Danny Brown,0.12118122180692112
Casper Mágico,0.12092301383404001
Don Omar,0.12084691998284759
Jon Z,0.12082074843740889
Sunidhi Chauhan,0.12072777974474105
Sona Movsesian,0.1199314223106413
Saigon,0.1194478745419436
Chance the Rapper,0.11936105099213865
Matt Gourley,0.11860975410977405
Z‐Ro,0.11845657637785488
Shakira,0.11809901384542572
Like Mike,0.1180664979575234
Udit Narayan,0.1178174696120758
OG Ron C,0.11731142839731831
Gotay el Auténtiko,0.11717711635828798
Pusho,0.11635555043451928
Will Ferrell,0.11534720173370366
Vini Vici,0.11526653671173964
Joey Bada$$,0.11490352317446652
Shreya Ghoshal,0.11485561051801543
C‐Rayz Walz,0.11483644473623031
Berner,0.11483332237044803
Chick Corea,0.11389081258127354
Tragedy Khadafi,0.11382285353896579
Smoke DZA,0.11363840903655728
Neeraj Shridhar,0.11330455779733617
Ariana Grande,0.11256052220883739
Scrufizzer,0.11235183113188127
Action Bronson,0.1113801692505288
KRS‐One,0.11053246009578589
Sech,0.1102279261859312
Dimitri Vegas,0.11017059910782356
D Double E,0.1098783159882185
Chamillionaire,0.10981770026317712
Sfera Ebbasta,0.10973857405664925
Beanie Sigel,0.10929231847158313
Violeta Urmana,0.10912619788945077
Armaan Malik,0.10865831011917321
Warren G,0.10743881233468973
Kokane,0.1073954996415122
Nelly,0.1072891781392122
Yasiin Bey,0.10676508466060561
The Alchemist,0.10670415616217631
Riton,0.1066816264478162
Layzie Bone,0.10567522860121041
Vybz Kartel,0.10542211222432486
Duki,0.10524794529155458
DJ Paul,0.10519679989566559
Jake La Furia,0.10495577892383554
Fashawn,0.1047614583444428
Project Pat,0.10450568593054005
P Money,0.1043763212316385
Guilty Simpson,0.10375249265226472
Dímelo Flow,0.10299295136466358
Roscoe,0.10280092314815442
Wretch 32,0.1020754074368769
Royal Philharmonic Orchestra,0.10181856512881376
Reef the Lost Cauze,0.10171425578391646
Glasses Malone,0.10146114268559994
Skrillex,0.101386590487227
Kendo Kaponi,0.10109419154430735
Swae Lee,0.10108408572297434
Black Thought,0.10104678190363553
R. City,0.10099488825318897
Jay Worthy,0.10066840713786429
Apathy,0.10055032353003024
Chandler Moore,0.10038632280064953
Nicholas Briggs,0.10006909916324432
Skepta,0.09965316386299818
50 Cent,0.09951635289000654
Celph Titled,0.09940438602293275
Mr Eazi,0.09864870628541958
Machel Montano,0.09824567081038174
Darkiel,0.09821784388138262
Shaggy,0.09741355385702016
Buckshot,0.0968478061106207
Tony Williams,0.09657286355004975
Glyndebourne Chorus,0.09652943612801272
Jax Jones,0.09645475795653591
Ja Rule,0.09619459864767574
Mozzy,0.0960925380989821
Alicia Keys,0.09599192253918425
Denzel Curry,0.09585406002295938
Redman,0.09575455176712358
KK,0.09568828198227575
Q‐Unique,0.09568397497307832
Baby Bash,0.09550762423742887
Stefflon Don,0.09531732666595186
Evidence,0.09529074824168604
Elton John,0.09485414483127505
Bishop Lamont,0.09475945585019882
Terrace Martin,0.09424044489279422
Beenie Man,0.09422221019177796
Paul McGann,0.09399921200141394
Boosie Badazz,0.09339980571668095
Reks,0.09334885992730099
Slaine,0.0933143974481957
Orchestra del Maggio Musicale Fiorentino,0.09306917857995271
Juanes,0.09201397099695924
Flowdan,0.09193340992750028
Chyno Nyno,0.09164986514897058
Tropkillaz,0.09140488893721628
Guè,0.09065819824366207
"Leslie Odom, Jr.",0.0904130017877657
DJ Snake,0.09025486492632967
Alejandro Sanz,0.09005597984965436
Remy Ma,0.08956396802159552
Iamsu!,0.08867422087496298
MC Ceja,0.08863845180904432
Shaan,0.0879013929608846
Calvin Harris,0.08765019095435411
Boys Noize,0.08742156212823263
Paul van Dyk,0.08741633986723149
Jme,0.08711378942035654
MC Fioti,0.08686382774422002
Phil da Agony,0.08667340195615852
Daveed Diggs,0.08666715128680463
Polakán,0.08591741217827827
Hit‐Boy,0.08573725704595678
Soprano,0.08564510078379461
Esoteric,0.0854728939515234
Gemitaiz,0.08461350225788891
R3HAB,0.08445866851132974
2Malle,0.0844018540579912
Bronze Nazareth,0.08418257453298568
Soopafly,0.08405129843359468
Kirk Franklin,0.08334517545456405
Krondon,0.08296958198782055
Nicky Romero,0.08278473566208201
NERVO,0.08258053785223783
Missy Elliott,0.08219304739050429
Tinie Tempah,0.08182351988322412
José Feliciano,0.08136676261864943
The Jacka,0.081248480219528
Sonu Nigam,0.08117363688039403
Poison Pen,0.08092490140647707
Tom Morello,0.08085417843112543
Lil’ KeKe,0.08065346024980652
Diljit Dosanjh,0.08046180021877898
MF DOOM,0.08042875303362401
Shilpa Rao,0.08021873602257998
Master P,0.08018176299325419
Mase,0.08004418075962676
Boldy James,0.07996453706234648
Martin Solveig,0.07974687732624687
Idina Menzel,0.07970213287658182
J King & Maximan,0.07960039299184098
Marracash,0.07928432012387236
Naomi Raine,0.07874534895410415
Anushka Manchanda,0.0786733589483168
Mohombi,0.0785606348387361
Bad Azz,0.0784976699010523
JID,0.07847071151045687
Tituss Burgess,0.07837026656565184
Scorcher,0.07827531470074306
Bizarre,0.07806353305977055
El da Sensei,0.07709593136448223
Romy,0.07658414257402879
Recognize Ali,0.07634545182859098
Becky Hill,0.07627798243857818
Rakaa Iriscience,0.0762332671506186
Ensi,0.07619219508272701
Daphne Rubin‐Vega,0.0759262387978002
Tulsi Kumar,0.07548572051891612
MNEK,0.07512282232588785
Night Skinny,0.07505438074009256
Frisco,0.07450474573649381
Jay’Ton,0.07450051571867679
Asher Roth,0.07374664774302744
Jubin Nautiyal,0.0734481936432819
Grady Tate,0.07344749682950322
CamelPhat,0.07303149795896592
Suzanne D’Mello,0.07282247945726156
Macaco,0.07271197905310985
Wizkid,0.07227637287769212
Lil Baby,0.07205335914243186
Juan Magán,0.07127711441590996
Anne‐Marie,0.07084575483676955
Chase & Status,0.07073253526854219
Gudda Gudda,0.07063999742527143
Neha Kakkar,0.07026464420270233
Crystal Waters,0.06952171278662156
Mika Singh,0.06923999521823515
Dru Down,0.0692389946517878
Ivan Gough,0.06878626820306079
Nutso,0.06872636576265326
Bounty Killer,0.06862351793868286
Ben Glassberg,0.06843829288226622
Feenixpawl,0.06758201298314195
Wordsworth,0.06714905864656319
C‐Bo,0.06707251590885982
Torae,0.06689887428730903
Zion I,0.06675143420859243
Philthy Rich,0.0666658541519023
Carl Cox,0.06663089188948777
Boston Symphony Orchestra,0.06655241644295022
Oliver Heldens,0.06633191416548442
Riko Dan,0.06626815818439041
Kathryn Hahn,0.0661970762205385
Lady Leshurr,0.06614420353836238
Big Pokey,0.06600020376488164
Demrick,0.06545005354045887
Harry “Sweets” Edison,0.06529525031825587
London Philharmonic Orchestra,0.06527093370836506
Jules Buckley,0.064979044489271
Steve Angello,0.06482968716291088
Showtek,0.06464523694556093
Lil’ Boss,0.06462597202778494
Lil’ B,0.06443015067840702
AG,0.06352900923799369
Willie Nelson,0.06262453511531202
Mike Stern,0.06232366385419072
Emmy Raver-Lampman,0.06229927529349387
Andris Nelsons,0.06197366037980287
Rozalén,0.061519911442765945
Lecrae,0.061420560149130915
DJ Candlestick,0.06141789696141346
Hans Zimmer,0.061390444038510066
Carlos Vives,0.06128189829216896
Alok,0.06087872286940484
RZA,0.06009646929381324
Fred again..,0.05988286488585879
Sheryl Crow,0.05977457894084126
Anthony Rapp,0.059114130967792396
D‐Gotti,0.058391617407891415
Sigala,0.058386470227396854
Judge Jules,0.05823865902052316
Max Roach,0.058050978305565555
Orchestra of the Age of Enlightenment,0.05797700544804619
Sebastian Ingrosso,0.057962864226335634
The Wreckshop Family,0.057829568312964964
Paul Oakenfold,0.057667857333339206
Roland Clark,0.05748052797417825
Bryce Dessner,0.05707482163918654
Erick Morillo,0.056127559022573395
Africa Express,0.056036354634460155
Adam Pascal,0.05594542195563282
Tion Wayne,0.05591035428716775
DJ Fresh,0.055742948059819844
Anna Kendrick,0.05546288415195821
Killa Tay,0.0554541110617026
Noyz Narcos,0.05543880838730404
Zedd,0.05542525631620246
Dreamville,0.055244434018841444
Breez Evahflowin,0.055114547628553015
I‐Rocc,0.054829822091308364
Dennis Chambers,0.05481808984483223
Orchestre de l’Opéra de Rouen Normandie,0.053371499706825205
Lorie,0.05316659323064352
Mav City Gospel Choir,0.05288460790197077
Phonte,0.05282491848786083
Meyhem Lauren,0.05274432347771159
鏡音レン,0.052668662563058695
Kris Kristofferson,0.05260736947404427
Georgi Kay,0.052493104747363344
MC GW,0.0520572127017613
鏡音リン,0.05116227979879029
Tanglewood Festival Chorus,0.05104409881099634
Seven Lions,0.05103696017686308
Sheridan Smith,0.05058274005292031
初音ミク,0.050153446143188535
Iván Fischer,0.04993826553825304
Paul Rogers,0.04988288066875742
Vittorio Gui,0.04980366143586357
The Heritage Orchestra,0.04953958882379622
Tchami,0.04904350051958241
Xamã,0.048451868348439085
James Carter,0.048093928060112534
Nicola Fasano,0.04803619228878229
Summer Cem,0.04789559446542473
Aaron Dessner,0.0478510950380335
FVR1,0.04746891104632474
Alonzo,0.04737450884407836
Krizz Kaliko,0.04665132548808939
SLANDER,0.04664088114730144
Maîtrise de Radio France,0.04637371360354457
Bob’s Burgers,0.045940167115242195
Kad Merad,0.045348589453795836
Jonna Fraser,0.04447701801823221
Eshon Burgundy,0.04439594808123505
Ronnie Flex,0.04401309905857886
