source,target,weight
Bruno Mars,Major Lazer,2
Bruno Mars,Tyga,7
Bruno Mars,Travie McCoy,5
Bruno Mars,Mystic Davis,5
Bruno Mars,B.o.B,4
Bruno Mars,2 Chainz,3
Bruno Mars,ROSÉ,3
Bruno Mars,Philip Lawrence,3
Bruno Mars,Nate Dogg,2
Bruno Mars,Trinidad James,2
Bruno Mars,Bone Thugs‐n‐Harmony,1
Bruno Mars,Justin Timberlake,1
Bruno Mars,Lady Gaga,1
Bruno Mars,Adele,1
Bruno Mars,Brody Brown,1
Bruno Mars,Dua Lipa,1
Major Lazer,Wild Belle,10
Major Lazer,Pharrell Williams,5
Major Lazer,Showtek,4
Major Lazer,Ariana Grande,3
Major Lazer,Tove Lo,3
Major Lazer,Ty Dolla $ign,3
Major Lazer,French Montana,3
Major Lazer,Machel Montano,3
Major Lazer,Tyga,2
Major Lazer,Mystic Davis,5
Major Lazer,Chronixx,2
Major Lazer,MOTi,2
Major Lazer,BEAM,2
Major Lazer,T.O.K.,2
Pharrell Williams,Justin Timberlake,2
Pharrell Williams,Ariana Grande,1
Pharrell Williams,Uffie,10
Pharrell Williams,Common,4
Pharrell Williams,Azealia Banks,4
Pharrell Williams,Clipse,3
Pharrell Williams,Pusha T,2
Pharrell Williams,Mike WiLL Made‐It,2
Pharrell Williams,JAY‐Z,2
Pharrell Williams,Slim Thug,2
Pharrell Williams,Keri Hilson,2
Ariana Grande,John Legend,2
Ariana Grande,Nicki Minaj,7
Ariana Grande,Jessie J,19
Ariana Grande,Machel Montano,2
Ariana Grande,Doja Cat,2
Ariana Grande,Megan Thee Stallion,2
Ariana Grande,Nathan Sykes,4
Ariana Grande,Graham Phillips,3
Ariana Grande,[theatre],2
Ariana Grande,The Shin Sekaï,1
Ariana Grande,Tchami,1
Ariana Grande,Bulgarian State Radio & Television Female Vocal Choir,1
Ariana Grande,Arturo Sandoval,1
Ariana Grande,Mac Miller,1
Ariana Grande,Dua Lipa,2
Tove Lo,Phoebe Ryan,2
Tove Lo,Dua Lipa,1
Tove Lo,Aazar,10
Tove Lo,Swae Lee,10
Tove Lo,Urban Cone,8
Tove Lo,SG Lewis,6
Tove Lo,Karma Fields,6
Tove Lo,Sean Paul,5
Tove Lo,Years & Years,2
Tove Lo,Alok,2
Tove Lo,Ilkay Sencan,2
Tove Lo,ALMA,2
Tove Lo,Dom Dolla,2
Tove Lo,Mc Zaac,2
Ty Dolla $ign,2 Chainz,2
Ty Dolla $ign,toasty digital,5
Ty Dolla $ign,Drake,1
Ty Dolla $ign,Destructo,8
Ty Dolla $ign,iLoveMakonnen,8
Ty Dolla $ign,YG,4
Ty Dolla $ign,Bobby Brackins,4
Ty Dolla $ign,Juicy J,3
Ty Dolla $ign,Mustard,3
Ty Dolla $ign,Glasses Malone,3
Ty Dolla $ign,Wiz Khalifa,2
Ty Dolla $ign,Dom Kennedy,2
Ty Dolla $ign,Ant Clemons,2
Ty Dolla $ign,Kris Kross Amsterdam,2
Ty Dolla $ign,Joe Moses,2
Ty Dolla $ign,R. Kelly,2
Ty Dolla $ign,Jeezy,2
Ty Dolla $ign,Casey Veggies,2
Ty Dolla $ign,Jeremih,2
Ty Dolla $ign,The Chainsmokers,4
French Montana,The Weeknd,2
French Montana,Fat Joe,8
French Montana,Chinx,6
French Montana,Remy Ma,4
French Montana,Max B,9
French Montana,Snoop Dogg,4
French Montana,Wale,4
French Montana,Diddy,3
French Montana,Cheeze,3
French Montana,Rick Ross,3
French Montana,The Game,3
French Montana,Wiz Khalifa,2
French Montana,DJ Drama,2
French Montana,DJ Smoke,2
French Montana,Meek Mill,2
French Montana,Chris Brown,2
French Montana,Stefflon Don,3
French Montana,Jeremih,4
Machel Montano,Xtatik,20
Machel Montano,Destra,3
Machel Montano,Patrice Roberts,2
Machel Montano,Umi Marcano,2
Tyga,Chris Brown,3
Tyga,Lil Wayne,2
Tyga,Gudda Gudda,4
Tyga,Jae Millz,2
Tyga,A.E,2
Tyga,Chief Keef,2
Tyga,Nipsey Hussle,2
Tyga,YG,2
Tyga,Fall Out Boy,2
Tyga,Travie McCoy,4
Tyga,Ye,2
Tyga,Paul Wall,2
Tyga,Skinhead Rob,2
Tyga,Lupe Fiasco,2
Tyga,Lil Jon,2
Tyga,Mystic Davis,5
Tyga,ScHoolboy Q,2
Tyga,Mack Maine,3
Mystic Davis,2 Chainz,3
Chris Brown,Rihanna,5
Chris Brown,Bow Wow,5
Chris Brown,Nicki Minaj,4
Chris Brown,Fat Joe,3
Chris Brown,Meek Mill,3
Chris Brown,Skeme,2
Chris Brown,Lil Wayne,2
Chris Brown,JAY‐Z,2
Chris Brown,Wale,2
Chris Brown,Kevin McCall,2
Chris Brown,Chandler Moore,4
Chris Brown,ScHoolboy Q,2
Chris Brown,Ester Dean,4
Chris Brown,H.E.R.,3
Chris Brown,Usher,2
Lil Wayne,Travie McCoy,2
Lil Wayne,2 Chainz,2
Lil Wayne,Metro Boomin,2
Lil Wayne,Rick Ross,5
Lil Wayne,will.i.am,3
Lil Wayne,Big Sean,5
Lil Wayne,T‐Pain,2
Lil Wayne,Birdman,11
Lil Wayne,Drake,3
Lil Wayne,Cory Gunz,6
Lil Wayne,Cassidy,2
Lil Wayne,Fabolous,2
Lil Wayne,Jeezy,2
Lil Wayne,Juelz Santana,2
Lil Wayne,DJ Drama,2
Lil Wayne,DJ Khaled,11
Lil Wayne,Pimp C,2
Lil Wayne,Static Major,10
Lil Wayne,Akon,4
Lil Wayne,Jay Rock,10
Lil Wayne,Mack Maine,41
Lil Wayne,Jeremih,3
Lil Wayne,DJ Whiteowl,24
Gudda Gudda,Mack Maine,10
Jae Millz,Mack Maine,10
Nipsey Hussle,Rick Ross,2
Nipsey Hussle,Ne‐Yo,4
Fall Out Boy,Travie McCoy,3
Travie McCoy,Taio Cruz,6
Travie McCoy,Kylie Minogue,6
Travie McCoy,Stooshe,5
Travie McCoy,Kelly Rowland,5
Travie McCoy,T‐Pain,3
Travie McCoy,Sia,2
Travie McCoy,Cassie Davis,2
Travie McCoy,Ye,2
Travie McCoy,Paul Wall,2
Travie McCoy,Skinhead Rob,2
Travie McCoy,Lupe Fiasco,2
Ye,The Weeknd,2
Ye,Consequence,6
Ye,toasty digital,37
Ye,Ant Clemons,4
Ye,John Legend,6
Ye,Frank Ocean,5
Ye,Ne‐Yo,3
Ye,Rihanna,3
Ye,The‐Dream,8
Ye,Ryan Leslie,3
Ye,Big Sean,3
Ye,Young Thug,2
Ye,Kendrick Lamar,2
Ye,Theophilus London,4
Ye,Jarreau Vandal,2
Ye,Chance the Rapper,2
Ye,James Blake,5
Lupe Fiasco,Poo Bear,5
Lupe Fiasco,Daft Punk,2
Lil Jon,Marshmello,4
Kylie Minogue,The Blessed Madonna,9
T‐Pain,Justin Timberlake,3
T‐Pain,Ludacris,3
T‐Pain,The Lonely Island,4
T‐Pain,Lady Gaga,1
T‐Pain,DJ Khaled,5
T‐Pain,Rick Ross,4
T‐Pain,Fabolous,4
T‐Pain,Akon,7
T‐Pain,Maino,4
T‐Pain,Snoop Dogg,3
T‐Pain,Lily Allen,3
T‐Pain,Busta Rhymes,2
T‐Pain,Wisin & Yandel,2
T‐Pain,Wiz Khalifa,2
T‐Pain,Young Cash,2
T‐Pain,Unk,2
T‐Pain,Jim Jones,2
Sia,Dua Lipa,1
Sia,David Guetta,18
Sia,Fetty Wap,6
Sia,Angel Haze,5
Sia,Honey Dijon,4
Sia,J. Harrison Ghee,3
2 Chainz,Larry June,4
2 Chainz,The Alchemist,4
2 Chainz,TK N Cash,3
2 Chainz,Rick Ross,2
2 Chainz,Wiz Khalifa,2
2 Chainz,Drake,2
2 Chainz,Future,2
2 Chainz,Jadakiss,2
2 Chainz,Travis Scott,2
2 Chainz,The Game,2
2 Chainz,Trinidad James,2
2 Chainz,Jessie J,10
B.o.B,Bob Dylan,48
B.o.B,Travis Scott,2
Rick Ross,Diddy,3
Rick Ross,PARTYNEXTDOOR,2
Rick Ross,Rihanna,1
Rick Ross,Birdman,9
Rick Ross,Jeezy,4
Rick Ross,Big Sean,3
Rick Ross,Wale,2
Rick Ross,Meek Mill,3
Rick Ross,Jay Worthy,2
Rick Ross,Freeway,2
Rick Ross,Travis Scott,2
Rick Ross,Nas,2
Rick Ross,Ryan Leslie,5
Rick Ross,Ace Hood,3
Rick Ross,Mack Maine,2
Rick Ross,Jeremih,2
Rick Ross,DJ Fletch,2
Rick Ross,DJ Khaled,15
Wiz Khalifa,Poo Bear,2
Drake,Future,2
Drake,PARTYNEXTDOOR,5
Drake,Rihanna,2
Drake,Big Sean,4
Drake,DJ Smallz,13
Drake,Tinashe,2
Drake,Birdman,2
Drake,Nickelus F,3
Drake,ScHoolboy Q,1
Drake,Static Major,1
Drake,DJ Esco,2
Drake,Imran Khan,1
Drake,Young Thug,1
Drake,Dinamarca,1
Drake,Popcaan,2
Drake,Meek Mill,3
Drake,Mack Maine,2
Drake,Jeremih,2
Future,The Weeknd,4
Future,Young Thug,6
Future,Doe Boy,2
Future,Juice WRLD,2
Future,Lil Baby,2
Future,Metro Boomin,9
Future,Lil Durk,2
Future,Young Scooter,2
Future,DJ Esco,57
Future,MC Fioti,4
Future,J Balvin,4
Future,Stefflon Don,3
Future,Juan Magán,3
Future,Ace Hood,2
Future,Maroon 5,10
Future,DJ Khaled,7
Future,SZA,1
Jadakiss,The‐Dream,2
Jadakiss,Ne‐Yo,4
Travis Scott,Trinidad James,2
Travis Scott,Big Sean,2
Travis Scott,Young Thug,2
Travis Scott,Ed Sheeran,3
Travis Scott,Jason Eric,16
Travis Scott,Low Pros,4
Travis Scott,Hustle Gang,2
Travis Scott,T.I.,2
Travis Scott,FERG,2
Travis Scott,Kacy Hill,2
Travis Scott,Playboi Carti,2
Travis Scott,Jarreau Vandal,2
The Game,Justin Timberlake,7
The Game,Birdman,3
The Game,ScHoolboy Q,2
The Game,Jay Rock,3
The Game,Jeremih,2
The Game,The Notorious B.I.G.,4
The Game,DJ Khaled,4
ROSÉ,Karen Rose,52
ROSÉ,Tara Ward,46
ROSÉ,Sabina Godec,2
Nate Dogg,Snoop Dogg,11
Nate Dogg,50 Cent,7
Nate Dogg,Warren G,8
Nate Dogg,2Pac,4
Nate Dogg,Tha Dogg Pound,3
Nate Dogg,Flex (UK),3
Nate Dogg,Ludacris,9
Nate Dogg,Obie Trice,2
Nate Dogg,Yaki Kadafi,2
Nate Dogg,Hussein Fatal,2
Nate Dogg,J.Period,2
Nate Dogg,David Banner,2
Nate Dogg,Kurupt,2
Snoop Dogg,Ludacris,3
Snoop Dogg,Dr. Dre,13
Snoop Dogg,A‐Roma,2
Snoop Dogg,BTS,3
50 Cent,Justin Timberlake,6
50 Cent,Eminem,1
50 Cent,G‐Unit,4
50 Cent,Lloyd Banks,3
50 Cent,Tony Yayo,2
50 Cent,Nine Inch Nails,2
50 Cent,Ne‐Yo,6
2Pac,DJ Fletch,18
2Pac,The Notorious B.I.G.,5
Ludacris,The‐Dream,2
Ludacris,Justin Bieber,1
Ludacris,I‐20,3
Ludacris,DJ Khaled,3
Ludacris,Trina,3
Ludacris,Gucci Mane,3
Ludacris,DJ Drama,2
Ludacris,Shawty Lo,2
Ludacris,DJ Smallz,18
Ludacris,Ace Hood,2
David Banner,Static Major,2
David Banner,Akon,2
Kurupt,Dr. Dre,2
Trinidad James,Gucci Mane,5
Trinidad James,31gramms,4
Trinidad James,Kato,3
Trinidad James,Scotty ATL,3
Trinidad James,DJ Drama,2
Trinidad James,Young Scooter,2
Trinidad James,Childish Gambino,2
Trinidad James,T.I.,2
Trinidad James,Young Dro,2
Trinidad James,Lazy Rich,2
Gucci Mane,The‐Dream,2
Gucci Mane,Young Thug,5
Gucci Mane,Meek Mill,2
Gucci Mane,Nicki Minaj,5
Gucci Mane,Maroon 5,1
Gucci Mane,Waka Flocka Flame,6
Gucci Mane,Yo Gotti,4
Gucci Mane,Trina,4
Gucci Mane,DJ Scream,3
Gucci Mane,Juicy J,3
Gucci Mane,Project Pat,3
Gucci Mane,Rich Homie Quan,2
Gucci Mane,Young Dolph,2
Gucci Mane,Wooh da Kid,2
Gucci Mane,OJ da Juiceman,2
Gucci Mane,Pooh Shiesty,2
Gucci Mane,Foogiano,2
Gucci Mane,Peewee Longway,2
Gucci Mane,Supastar J. Kwik,2
Young Scooter,DJ Esco,4
T.I.,Young Thug,3
T.I.,DJ Khaled,3
Bone Thugs‐n‐Harmony,Twista,2
Twista,Jeremih,2
Twista,Chance the Rapper,2
Justin Timberlake,Timbaland,13
Justin Timberlake,Madonna,10
Justin Timberlake,Anna Kendrick,6
Justin Timberlake,Gwen Stefani,4
Justin Timberlake,Eric André,2
Justin Timberlake,Daveed Diggs,2
Justin Timberlake,Ant Clemons,2
Justin Timberlake,The Lonely Island,5
Justin Timberlake,Lady Gaga,2
Justin Timberlake,Kenan Thompson,6
Justin Timberlake,Ester Dean,4
Timbaland,Madonna,10
Timbaland,Static Major,3
Madonna,Lady Gaga,1
Madonna,Britney Spears,2
Anna Kendrick,Kenan Thompson,5
Anna Kendrick,Ester Dean,4
Ant Clemons,The‐Dream,2
Ant Clemons,Young Thug,2
The Lonely Island,Justin Bieber,1
The Lonely Island,Chris Redd,3
The Lonely Island,Michael Bolton,3
The Lonely Island,Concrete Cookie,2
The Lonely Island,Chris Parnell,2
The Lonely Island,Lady Gaga,2
The Lonely Island,The Roots,2
The Lonely Island,Adam Levine,2
The Lonely Island,Julian Casablancas,2
The Lonely Island,Will Ferrell,2
The Lonely Island,Kenan Thompson,2
The Lonely Island,Kristen Wiig,2
The Lonely Island,Natalie Portman,3
Lady Gaga,DJ ICE,2
Lady Gaga,Charli xcx,1
Lady Gaga,Fred Armisen,1
Lady Gaga,Jon Hamm,1
Lady Gaga,Jonah Hill,1
Lady Gaga,Julian Casablancas,1
Lady Gaga,Justin Bieber,1
Lady Gaga,Kenan Thompson,1
Lady Gaga,Kristen Wiig,1
Lady Gaga,Michael Bolton,1
Lady Gaga,Natalie Portman,1
Adele,Mick Boogie,2
Bad Bunny,J Balvin,4
Bad Bunny,Bryant Myers,7
Bad Bunny,Residente,3
Bad Bunny,Farruko,3
Bad Bunny,Jhayco,7
Bad Bunny,Ñengo Flow,4
Bad Bunny,El Taiger,2
Bad Bunny,Cosculluela,3
Bad Bunny,KAROL G,2
Bad Bunny,Nicky Jam,2
Bad Bunny,Yandel,2
Bad Bunny,Tainy,4
Bad Bunny,Anuel AA,3
Bad Bunny,Almighty,2
Bad Bunny,Zion,2
Bad Bunny,Ozuna,2
J Balvin,Farruko,9
J Balvin,Cosculluela,3
J Balvin,KAROL G,3
J Balvin,Nicky Jam,3
J Balvin,Yandel,2
J Balvin,Tainy,5
J Balvin,Anuel AA,4
J Balvin,Ozuna,5
J Balvin,MC Fioti,5
J Balvin,Stefflon Don,4
J Balvin,Fuego,3
J Balvin,Jowell & Randy,4
J Balvin,KEVVO,2
J Balvin,Chris Jedi,2
J Balvin,Arcángel,2
J Balvin,Juan Magán,3
J Balvin,Feid,3
Bryant Myers,Noriel,16
Bryant Myers,Almighty,13
Bryant Myers,Farruko,13
Bryant Myers,Miky Woodz,11
Bryant Myers,Anuel AA,3
Bryant Myers,Anonimus,8
Bryant Myers,Darell,8
Bryant Myers,Brytiago,7
Bryant Myers,Juhn,6
Bryant Myers,Arcángel,6
Bryant Myers,El Alfa,6
Bryant Myers,Baby Rasta,5
Bryant Myers,Juanka,5
Bryant Myers,Kevin Roldán,5
Bryant Myers,Jhayco,4
Bryant Myers,El Taiger,2
Bryant Myers,KEVVO,2
Noriel,Farruko,2
Noriel,Yandel,2
Almighty,Anuel AA,3
Almighty,The Almighty,51
Farruko,Ñengo Flow,9
Farruko,Pedro Capó,5
Farruko,Anuel AA,10
Farruko,Yomo,3
Farruko,Lary Over,3
Farruko,Ozuna,3
Farruko,Myke Towers,3
Farruko,Justin Quiles,3
Farruko,Darell,3
Farruko,Zion & Lennox,2
Farruko,D.OZi,2
Farruko,Maximus Wel,2
Farruko,Cosculluela,6
Farruko,Nicky Jam,2
Farruko,Yandel,2
Farruko,KEVVO,4
Farruko,Beéle,3
Farruko,Marshmello,4
Farruko,IAmChino,3
Farruko,Prince Royce,2
Miky Woodz,Jhayco,2
Miky Woodz,KEVVO,2
Anuel AA,Jhayco,2
Anuel AA,Ñengo Flow,4
Anuel AA,KAROL G,3
Anuel AA,Ozuna,13
Anuel AA,Daddy Yankee,8
Anuel AA,Kendo Kaponi,4
Anuel AA,Arcángel,3
Anuel AA,Brytiago,3
Anuel AA,Darell,3
Anuel AA,Lunay,2
Anuel AA,Anonimus,2
Anuel AA,Chris Jedi,4
Anuel AA,Maroon 5,1
Anonimus,Jowell & Randy,3
Anonimus,KEVVO,2
Darell,KEVVO,5
Brytiago,KEVVO,3
Juhn,Beéle,2
Arcángel,Ñengo Flow,6
Arcángel,Cosculluela,4
Arcángel,Nicky Jam,2
Arcángel,Ozuna,3
Arcángel,KEVVO,3
Arcángel,Chris Jedi,2
Arcángel,Reyo,5
Arcángel,J King,3
Arcángel,Eladio Carrión,2
Arcángel,Mueka,2
Arcángel,JungL,2
Arcángel,Ñejo & Dálmata,2
Arcángel,Baby Rasta & Gringo,2
Arcángel,Kendo Kaponi,2
Arcángel,YOVNGCHIMI,2
Arcángel,Bizarrap,2
Arcángel,Beéle,2
El Alfa,Play‐N‐Skillz,3
Juanka,Ñengo Flow,3
Juanka,KEVVO,2
Residente,Sílvia Pérez Cruz,2
Residente,iLe,2
Residente,Ibeyi,2
Residente,Voltio,2
Residente,Three 6 Mafia,2
Residente,Ricky Martin,2
Residente,Tego Calderón,2
Residente,Yaviah,2
Ricky Martin,Jennifer Lopez,2
Tego Calderón,Yandel,2
Ñengo Flow,Jhayco,2
Ñengo Flow,Yomo,5
Ñengo Flow,D.OZi,5
Ñengo Flow,Brray,4
Ñengo Flow,Jory Boy,4
Ñengo Flow,Myke Towers,4
Ñengo Flow,Yaga & Mackie,4
Ñengo Flow,Jon Z,4
Ñengo Flow,Gotay el Auténtiko,3
Ñengo Flow,Wisin,3
Ñengo Flow,Randy,3
Ñengo Flow,Cosculluela,5
Ñengo Flow,Yandel,2
Ñengo Flow,Ozuna,2
Ñengo Flow,Jowell & Randy,2
Ñengo Flow,KEVVO,4
Yomo,Cosculluela,4
Yomo,Jowell & Randy,6
Ozuna,Jhayco,3
Ozuna,KAROL G,3
Ozuna,Tainy,2
Ozuna,Daddy Yankee,5
Ozuna,Chris Jedi,4
Ozuna,Beéle,15
Ozuna,Wisin & Yandel,3
Ozuna,Nicky Jam,3
Ozuna,Ele A el Dominio,3
Ozuna,GIMS,2
Ozuna,RedOne,2
Ozuna,Guelo Star,2
Myke Towers,Jhayco,7
Myke Towers,Yandel,3
Myke Towers,Tainy,4
Justin Quiles,Nicky Jam,3
Justin Quiles,Fuego,2
Justin Quiles,Feid,3
Jhayco,Alex Rose,3
Jhayco,Los Legendarios,3
Jhayco,Wisin,3
Jhayco,Brray,3
Jhayco,Eladio Carrión,2
Jhayco,Sky Rompiendo,2
Jhayco,Mora,2
Jhayco,Ryan Castro,2
Jhayco,Tainy,4
Wisin,Cosculluela,5
Wisin,KEVVO,2
Wisin,Beéle,2
Wisin,IAmChino,3
Wisin,Mohombi,2
Wisin,Chacal,3
Wisin,Jennifer Lopez,2
Brray,KEVVO,2
Sky Rompiendo,Feid,7
Jon Z,KEVVO,3
El Taiger,Nesty,2
El Taiger,Lenier,2
Lenier,IAmChino,4
Lenier,Chacal,13
Cosculluela,Syko el Terror,5
Cosculluela,Franco “El Gorila”,4
Cosculluela,Mueka,3
Cosculluela,Chyno Nyno,3
Cosculluela,Jowell & Randy,2
Cosculluela,Guelo Star,3
Cosculluela,Ñejo,3
Cosculluela,Zion,3
Cosculluela,Nicky Jam,2
Franco “El Gorila”,Yandel,2
Jowell & Randy,Guelo Star,10
Jowell & Randy,De La Ghetto,8
Jowell & Randy,J King & Maximan,7
Jowell & Randy,Baby Rasta & Gringo,3
Jowell & Randy,Maicol y Manuel,3
Jowell & Randy,Chencho Corleone,3
Jowell & Randy,Tito “El Bambino”,2
Jowell & Randy,Arcángel & De La Ghetto,2
Jowell & Randy,Daddy Yankee,2
Jowell & Randy,Maldy,2
Zion,Nicky Jam,2
Zion,Tainy,2
Zion,衣笠彰梧,96
Zion,Zion Jang,96
KAROL G,Tiësto,5
KAROL G,El Chombo,4
KAROL G,Cutty Ranks,4
KAROL G,El Pitbull,3
KAROL G,Lafame,2
KAROL G,Feid,2
KAROL G,Ovy on the Drums,2
KAROL G,Maluma,2
KAROL G,Daddy Yankee,2
KAROL G,Mariah Angeliq,2
Tiësto,21 Savage,4
Feid,Nicky Jam,2
Feid,Yandel,3
Feid,Tainy,4
Feid,Lenny Tavárez,5
Feid,Sech,3
Feid,Dalex,2
Feid,Maxiolly,2
Feid,Álvaro Díaz,2
Feid,De La Ghetto,2
Ovy on the Drums,Beéle,3
Maluma,Prince Royce,2
Daddy Yankee,Nicky Jam,3
Daddy Yankee,Yandel,2
Daddy Yankee,Tainy,2
Daddy Yankee,Play‐N‐Skillz,5
Mariah Angeliq,IAmChino,3
Nicky Jam,Michael “El Prospecto”,3
Nicky Jam,Dalex,2
Nicky Jam,Sech,2
Nicky Jam,Lenny Tavárez,2
Nicky Jam,Mau y Ricky,2
Nicky Jam,Ken-Y,2
Nicky Jam,Fuego,2
Nicky Jam,Beéle,3
Lenny Tavárez,Beéle,3
Yandel,Tainy,7
Yandel,Saiko,3
Yandel,Pitbull,2
Yandel,Alex Sensation,2
Yandel,LATIN MAFIA,2
Tainy,Rauw Alejandro,5
Tainy,Álvaro Díaz,5
Tainy,Kris Floyd,4
Tainy,Chencho Corleone,3
Tainy,benny blanco,2
Tainy,Selena Gomez,2
Tainy,Maroon 5,1
Pitbull,Fuego,6
Pitbull,Juan Magán,7
Pitbull,Akon,3
Pitbull,Michel Teló,6
Pitbull,Play‐N‐Skillz,9
Pitbull,A‐Roma,3
Pitbull,David Rush,22
Pitbull,IAmChino,30
Pitbull,Prince Royce,3
Pitbull,Nicola Fasano,6
Pitbull,Mohombi,6
Pitbull,R.J.,2
Pitbull,Vein,2
Pitbull,Chacal,3
Pitbull,Michael Jackson,2
Pitbull,Jennifer Lopez,2
Pitbull,Alexandra Burke,2
Chencho Corleone,Chris Jedi,2
benny blanco,Khalid,2
benny blanco,BTS,3
Selena Gomez,Prince Royce,2
Lunay,Chris Jedi,3
Lunay,Beéle,2
The Weeknd,Metro Boomin,2
The Weeknd,Oneohtrix Point Never,4
The Weeknd,Threat,2
The Weeknd,toasty digital,2
The Weeknd,Frank Ocean,3
The Weeknd,The Sevenights,12
The Weeknd,Giorgio Moroder,1
The Weeknd,Diddy,1
The Weeknd,21 Savage,1
The Weeknd,Max B,1
The Weeknd,Jesse Boykins III,1
The Weeknd,Belly,1
The Weeknd,Dua Lipa,1
Young Thug,Metro Boomin,2
Young Thug,DJ Esco,5
Young Thug,Rich Homie Quan,3
Young Thug,Lil Duke,3
Young Thug,Migos,3
Young Thug,Nicki Minaj,2
Young Thug,Wicced,2
Young Thug,Jacquees,2
Young Thug,Kid Cudi,2
Young Thug,Gunna,2
Doe Boy,DJ Esco,11
Juice WRLD,Nicki Minaj,5
Juice WRLD,Marshmello,2
Juice WRLD,Maroon 5,1
Juice WRLD,Trippie Redd,2
Lil Baby,Central Cee,2
Metro Boomin,NAV,5
Metro Boomin,21 Savage,4
Metro Boomin,Swae Lee,4
Metro Boomin,Gunna,2
Metro Boomin,Offset,2
Metro Boomin,Lil Uzi Vert,2
Metro Boomin,Don Toliver,2
Lil Durk,A Boogie Wit da Hoodie,4
Consequence,John Legend,4
toasty digital,Frank Ocean,5
toasty digital,Kendrick Lamar,5
toasty digital,Playboi Carti,3
toasty digital,JAY‐Z,3
toasty digital,Kid Cudi,3
John Legend,Rihanna,1
John Legend,Stacy Barthe,3
John Legend,Ryan Leslie,3
John Legend,Jacob Collier,2
Frank Ocean,"Tyler, The Creator",6
Frank Ocean,JAY‐Z,3
Frank Ocean,Underworld,2
Frank Ocean,Kendrick Lamar,2
Ne‐Yo,Calvin Harris,1
Ne‐Yo,Ghostface Killah,6
Ne‐Yo,Mariah Carey,3
Ne‐Yo,Dionne Warwick,2
Ne‐Yo,JasonMartin,2
Ne‐Yo,Flo Rida,2
Fat Joe,Poo Bear,2
Fat Joe,Birdman,2
Fat Joe,DJ Khaled,3
Max B,Jim Jones,5
Max B,Stack Bundles,3
Max B,Kurious,2
Max B,NOE,2
Max B,Matisyahu,2
Max B,Al Pac,2
Max B,Mack Mustard,2
Max B,Isaiah Toothtaker,2
Max B,Mel Matrix,2
Wale,Meek Mill,5
Wale,J. Cole,3
Diddy,Black Rob,6
Diddy,Busta Rhymes,5
Diddy,The Bad Boy Family,4
Diddy,Mark Curry,4
Diddy,8Ball & MJG,3
Diddy,Faith Evans,2
Diddy,Fabolous,2
Diddy,Swizz Beatz,2
Diddy,M.O.P.,2
Diddy,The Notorious B.I.G.,2
Diddy,Benny the Butcher,2
Diddy,The‐Dream,2
Meek Mill,Ed Sheeran,1
Meek Mill,Nicki Minaj,4
Meek Mill,Kid Ink,3
Meek Mill,Vory,2
Meek Mill,FERG,2
Meek Mill,Kendrick Lamar,1
Meek Mill,Jeremih,2
Meek Mill,J. Cole,2
Meek Mill,DJ Khaled,3
NAV,A Boogie Wit da Hoodie,2
21 Savage,BIA,4
21 Savage,Quavo,2
21 Savage,XXXTENTACION,2
Swae Lee,Khalid,2
Gunna,Normani,4
Offset,Lil Yachty,2
Lil Uzi Vert,Bebe,2
Oneohtrix Point Never,A. G. Cook,2
Threat,Minor Threat,36
Kendrick Lamar,Birdman,3
Kendrick Lamar,ScHoolboy Q,8
Kendrick Lamar,SZA,4
Kendrick Lamar,Funkadelic,3
Kendrick Lamar,Dr. Dre,4
Kendrick Lamar,Jay Rock,21
Kendrick Lamar,Detail,2
Kendrick Lamar,Ace Hood,2
Kendrick Lamar,Mack Maine,2
Kendrick Lamar,Beyoncé,2
Kendrick Lamar,Meanz of Operation,1
Kendrick Lamar,Jeremih,1
Kendrick Lamar,Theophilus London,1
Kendrick Lamar,Paul McCartney,1
Kendrick Lamar,Maroon 5,2
Kendrick Lamar,J. Cole,2
Kendrick Lamar,Dua Lipa,1
JAY‐Z,Beyoncé,11
JAY‐Z,Dr. Dre,2
JAY‐Z,J. Cole,2
JAY‐Z,The Notorious B.I.G.,3
JAY‐Z,Eminem,1
JAY‐Z,Memphis Bleek,5
JAY‐Z,Big L,5
JAY‐Z,Freeway,5
JAY‐Z,Beanie Sigel,3
JAY‐Z,Geda K.,2
JAY‐Z,Lil’ Cease,2
JAY‐Z,Usher,2
Kid Cudi,The‐Dream,3
Kid Cudi,Ryan Leslie,3
Giorgio Moroder,Donna Summer,13
Giorgio Moroder,Raney Shockne,4
Giorgio Moroder,Philip Oakey,4
Giorgio Moroder,Klaus Doldinger,3
Giorgio Moroder,Paul Engemann,3
Busta Rhymes,Nicki Minaj,3
Busta Rhymes,Akon,3
Busta Rhymes,The Notorious B.I.G.,3
Busta Rhymes,DJ Khaled,6
8Ball & MJG,Poo Bear,2
Faith Evans,The Notorious B.I.G.,5
Fabolous,Ryan Leslie,8
Fabolous,Jeremih,3
Fabolous,DJ Khaled,6
M.O.P.,The Notorious B.I.G.,3
The Notorious B.I.G.,Eminem,1
The Notorious B.I.G.,Diddy – Dirty Money,3
The Notorious B.I.G.,R. Kelly,3
The Notorious B.I.G.,Lil’ Kim,3
The Notorious B.I.G.,Red Hot Lover Tone,3
The Notorious B.I.G.,Organized Konfusion,3
The Notorious B.I.G.,Da Brat,2
The Notorious B.I.G.,Buju Banton,2
The Notorious B.I.G.,Ghostface Killah,2
The Notorious B.I.G.,Raekwon,2
Benny the Butcher,R.J.,3
Quavo,Big Sean,2
Jesse Boykins III,MeLo-X,7
Jesse Boykins III,Machinedrum,4
Jesse Boykins III,Theophilus London,2
Jesse Boykins III,Kilo Kish,2
Jesse Boykins III,Nadastrom,2
Jesse Boykins III,Eddie Piller,2
Jesse Boykins III,Little Simz,2
Jesse Boykins III,Audio Push,2
Jesse Boykins III,MoRuf,2
Jesse Boykins III,Tommy Trash,2
Jesse Boykins III,A‐Trak,2
Theophilus London,Devonté Hynes,4
Theophilus London,Ninjasonik,3
Theophilus London,Maximum Balloon,3
Theophilus London,Solange,3
Theophilus London,Brodinski,2
Kilo Kish,Vince Staples,2
Tommy Trash,D.O.D,2
Belly,Lead Belly,64
Rihanna,2 Mello,2
Rihanna,PARTYNEXTDOOR,2
Rihanna,Sean Paul,2
Rihanna,Beenie Man,2
Rihanna,The Bloody Beetroots,1
Rihanna,Steve Aoki,1
Rihanna,Cham,1
Rihanna,Killer,1
Rihanna,The‐Dream,1
Rihanna,Ryan Leslie,1
Rihanna,SZA,7
Nicki Minaj,Kim Petras,16
Nicki Minaj,Trina,6
Nicki Minaj,Jay Sean,5
Nicki Minaj,Yo Gotti,5
Nicki Minaj,St. Laz,3
Nicki Minaj,Jessie J,19
Nicki Minaj,Ester Dean,2
Nicki Minaj,Meanz of Operation,2
Nicki Minaj,Skylar Grey,2
Nicki Minaj,DJ Whiteowl,2
Nicki Minaj,ButeraMoonlight,4
Skeme,ScHoolboy Q,2
2 Mello,Fat Jon the Ample Soul Physician,2
2 Mello,Nujabes,2
2 Mello,TSUTCHIE,2
2 Mello,Force of Nature,2
2 Mello,Crime Mob,2
2 Mello,Maros,2
2 Mello,Mack 10,2
2 Mello,Danny Brown,2
PARTYNEXTDOOR,dvsn,3
PARTYNEXTDOOR,DJ Candlestick,3
PARTYNEXTDOOR,OG Ron C,3
PARTYNEXTDOOR,Kali Uchis,2
PARTYNEXTDOOR,Murda Beatz,2
PARTYNEXTDOOR,Ca$h Out,2
Sean Paul,Beyoncé,10
Sean Paul,Enrique Iglesias,9
Sean Paul,Descemer Bueno,9
Sean Paul,Gente de Zona,9
Sean Paul,Anne‐Marie,7
Sean Paul,Kybba,2
Sean Paul,Busy Signal,2
Sean Paul,Pretty Ricky,2
Sean Paul,Stefflon Don,4
Beyoncé,DJ ICE,2
Beyoncé,Shakira,24
Enrique Iglesias,DJ ICE,2
Anne‐Marie,Ed Sheeran,1
Anne‐Marie,David Guetta,20
Anne‐Marie,Coi Leray,27
Anne‐Marie,Wretch 32,6
Anne‐Marie,PRGRSHN,6
Anne‐Marie,Tion Wayne,5
Anne‐Marie,Marshmello,7
Anne‐Marie,Clean Bandit,17
Beenie Man,Mr. Vegas,3
Beenie Man,Silver Cat,2
Beenie Man,Buju Banton,2
Beenie Man,Cham,3
The Bloody Beetroots,Greta Svabo Bech,13
The Bloody Beetroots,Dennis Lyxzén,4
The Bloody Beetroots,Teddy Killerz,2
The Bloody Beetroots,Letdown.,2
Steve Aoki,Linkin Park,8
Steve Aoki,Boehm,5
Steve Aoki,WALK THE MOON,5
Steve Aoki,Lauren Jauregui,4
Steve Aoki,Kalan.FrFr,4
Steve Aoki,Hardwell,4
Steve Aoki,Kris Kiss,4
Steve Aoki,Bad Royale,4
Steve Aoki,Mase,4
Steve Aoki,Big Gigantic,4
Steve Aoki,ISÁK,3
Steve Aoki,Vikkstar,3
Steve Aoki,Ekko,3
Steve Aoki,Dimitri Vegas,3
Steve Aoki,Ann Lee,3
Steve Aoki,Afrojack,3
Steve Aoki,Nicky Romero,3
Steve Aoki,Play‐N‐Skillz,4
Steve Aoki,Iggy Azalea,4
Cham,Bounty Killer,5
Cham,Majic Massey,3
Cham,Mr. Easy,2
Cham,Ms. Thing,2
Cham,Killer,2
Bounty Killer,Killer,55
Birdman,Mack Maine,20
Birdman,Toni Braxton,4
Birdman,YoungBoy Never Broke Again,3
Birdman,Boosie Badazz,3
Birdman,E‐40,3
Birdman,DJ Khaled,8
Birdman,Ace Hood,4
Birdman,Hurricane Chris,3
Birdman,Jacquees,2
Birdman,Jeezy,2
Jeezy,DJ Khaled,3
Big Sean,Justin Bieber,12
Big Sean,Halsey,3
Big Sean,Stefflon Don,3
Big Sean,Will Smith,2
Big Sean,OBanga,2
Big Sean,DeJ Loaf,2
Big Sean,Jhené Aiko,2
Big Sean,FERG,2
Big Sean,J. Cole,2
Nas,Akinyele,3
Killer,Ninjaman,2
Killer,Wayne Marshall,2
Killer,Pinchers,2
Stacy Barthe,Tchami,10
The‐Dream,Gym Class Heroes,4
The‐Dream,Sevyn Streeter,4
The‐Dream,LL Cool J,3
The‐Dream,Lloyd Banks,2
The‐Dream,Yo Gotti,2
The‐Dream,Tony Williams,2
The‐Dream,Shawty Lo,2
The‐Dream,Bon Iver,2
Lloyd Banks,Ryan Leslie,3
Ryan Leslie,Red Café,7
Ryan Leslie,Slim,3
Ryan Leslie,Cassie,3
Ryan Leslie,Pusha T,2
Ryan Leslie,M. Pokora,2
Red Café,Jay Rock,3
Justin Bieber,David Guetta,13
Justin Bieber,will.i.am,3
Justin Bieber,Dan + Shay,2
Justin Bieber,Brandon Love,1
Justin Bieber,Chandler Moore,1
Justin Bieber,Khalid,1
Justin Bieber,Mariah Carey,1
Justin Bieber,Poo Bear,3
Justin Bieber,Fred Armisen,1
Justin Bieber,Jon Hamm,1
Justin Bieber,Jonah Hill,1
Justin Bieber,Julian Casablancas,1
David Guetta,Coi Leray,27
David Guetta,Afrojack,9
David Guetta,Ester Dean,9
David Guetta,GLOWINTHEDARK,6
David Guetta,Joachim Garraud,5
David Guetta,Akon,3
David Guetta,Harrison,3
David Guetta,U2,2
David Guetta,Hypaton,16
David Guetta,Kungs,2
David Guetta,Izzy Bizu,2
David Guetta,Chris Willis,40
David Guetta,MORTEN,16
David Guetta,MNEK,2
David Guetta,Clean Bandit,8
David Guetta,Zara Larsson,1
will.i.am,Nicole Scherzinger,12
will.i.am,Cheryl,7
will.i.am,Britney Spears,6
will.i.am,Hans Zimmer,5
will.i.am,Sidney Samson,5
will.i.am,Fergie,4
will.i.am,Jay Rock,3
will.i.am,Ryeland Allison,3
will.i.am,Lorne Balfe,2
will.i.am,The Pussycat Dolls,2
will.i.am,Supernatural,2
will.i.am,Mary J. Blige,2
Fergie,Chris Willis,15
Jay Rock,ScHoolboy Q,4
Jay Rock,Ab‐Soul,11
Jay Rock,Glasses Malone,5
Jay Rock,Roccett,3
Jay Rock,Murphy Lee,3
Jay Rock,Ya Boy,2
Jay Rock,Eastwood,2
Jay Rock,DJ Dave,2
Jay Rock,211,2
Jay Rock,DJ Noodles,2
Mary J. Blige,Kenan Thompson,2
Dan + Shay,Charlie Puth,2
Charlie Puth,Dua Lipa,1
Charlie Puth,Kehlani,7
Charlie Puth,JVKE,2
Charlie Puth,Jimin,2
Charlie Puth,Muni Long,2
Halsey,Khalid,2
Halsey,Stefflon Don,5
Halsey,Marshmello,6
Halsey,The Chainsmokers,14
Stefflon Don,Doja Cat,3
Stefflon Don,MC Fioti,4
Stefflon Don,Sigala,7
Stefflon Don,Mae Muller,7
Stefflon Don,Caity Baser,7
Stefflon Don,Wiley,4
Stefflon Don,Idris Elba,4
Stefflon Don,Saweetie,3
Stefflon Don,Juan Magán,3
Jhené Aiko,H.E.R.,2
FERG,ScHoolboy Q,2
FERG,Lil Yachty,2
J. Cole,Maroon 5,1
J. Cole,Miguel,7
J. Cole,Rockie Fresh,2
J. Cole,Dreamville,2
J. Cole,Smino,2
J. Cole,Bas,2
DJ Khaled,Poo Bear,2
DJ Khaled,Ace Hood,7
DJ Khaled,Mack Maine,5
DJ Khaled,SZA,1
DJ Khaled,Trina,4
DJ Khaled,Teyana Taylor,3
Chandler Moore,Maverick City Music,50
Chandler Moore,Naomi Raine,20
Chandler Moore,Kirk Franklin,10
Chandler Moore,Mav City Gospel Choir,10
Chandler Moore,Elevation Worship,7
Chandler Moore,Brandon Lake,5
Chandler Moore,Lizzie Morgan,4
Chandler Moore,Jonathan McReynolds,4
Chandler Moore,Israel & New Breed,3
Chandler Moore,Tasha Cobbs Leonard,3
Chandler Moore,DOE,3
Chandler Moore,Melvin Crispell III,3
Chandler Moore,Maryanne J. George,2
Chandler Moore,K.J. Scriven,2
Kirk Franklin,Khalid,6
Khalid,Alina Baraz,8
Khalid,Mariah Carey,6
Khalid,Ed Sheeran,5
Khalid,Rudimental,3
Khalid,Kane Brown,2
Khalid,Jax Jones,2
Khalid,Normani,4
Mariah Carey,Miguel,8
Mariah Carey,Westlife,6
Mariah Carey,Céline Dion,2
Mariah Carey,Gloria Estefan,2
Mariah Carey,Aretha Franklin,2
Mariah Carey,Shania Twain,2
Ed Sheeran,Hoodie Allen,2
Ed Sheeran,Alonestar,5
Ed Sheeran,Star.One,1
Ed Sheeran,A Boogie Wit da Hoodie,1
Ed Sheeran,Elton John,1
Ed Sheeran,Russ,1
Ed Sheeran,MK,1
Ed Sheeran,D.O.D,1
Ed Sheeran,Tion Wayne,1
Ed Sheeran,Central Cee,1
Ed Sheeran,Mikill Pane,2
Ed Sheeran,Devlin,3
Rudimental,Tion Wayne,5
Rudimental,John Newman,8
Rudimental,MNEK,4
Jax Jones,D.O.D,4
Jax Jones,Bebe,2
Poo Bear,GXTP,9
Poo Bear,Skrillex,6
Poo Bear,Step Up: High Water,4
Poo Bear,Sasha Sirota,2
Poo Bear,Redman,2
Poo Bear,Devin the Dude,2
Poo Bear,Eva Shaw,2
Poo Bear,LAZR,2
Poo Bear,Zara Larsson,1
Chris Redd,Kenan Thompson,2
Michael Bolton,Plácido Domingo,7
Michael Bolton,Ying Huang,5
Michael Bolton,Mickey Guyton,2
Julian Casablancas,Santigold,4
Julian Casablancas,N*E*R*D,4
Julian Casablancas,Daft Punk,3
Julian Casablancas,Danger Mouse,2
Julian Casablancas,Sparklehorse,2
Fred Armisen,Yo La Tengo,8
Fred Armisen,Zoe Lister-Jones,4
Fred Armisen,Adam Pally,4
Fred Armisen,Aimee Mann,2
Fred Armisen,Tim Heidecker,2
Fred Armisen,Daniel Cupps,2
Fred Armisen,Megan Hilty,2
Jon Hamm,Zoraida Córdova,3
Jon Hamm,Ansel Elgort,2
Jon Hamm,Paul Dini,2
Daft Punk,Dua Lipa,1
Daft Punk,Common,2
Daft Punk,Heartbeat da Producer,2
DJ ICE,The Baseballs,3
DJ ICE,Michael Bublé,3
DJ ICE,KatKa,2
DJ ICE,Olly Murs,2
DJ ICE,Glee Cast,2
DJ ICE,Lenna,2
DJ ICE,Alexandra Burke,2
Alexandra Burke,Erick Morillo,6
Alexandra Burke,Chiesa Musonda,2
Alexandra Burke,Dr Sid,2
Charli xcx,Troye Sivan,13
Charli xcx,Lil Yachty,6
Charli xcx,Mura Masa,2
Lil Yachty,DRAM,3
Lil Yachty,Zara Larsson,1
Lil Yachty,Lil Keed,3
Lil Yachty,Zaytoven,3
Lil Yachty,Dc2trill,3
Lil Yachty,Rio da Yung OG,2
Lil Yachty,A$AP Mob,2
Lil Yachty,A$AP Rocky,2
Lil Yachty,Famous Dex,2
Lil Yachty,thegoodperry,2
Lil Yachty,Jban$2Turnt,2
Lil Yachty,K$upreme,2
Lil Yachty,Lil Pump,2
Kenan Thompson,Anderson .Paak,4
Kenan Thompson,Icona Pop,3
Kenan Thompson,Anthony Ramos,2
Kenan Thompson,Ester Dean,2
Kenan Thompson,James Corden,2
Kenan Thompson,Kelly Clarkson,2
Anderson .Paak,ScHoolboy Q,2
Anderson .Paak,Ester Dean,3
Anderson .Paak,Dr. Dre,2
Anthony Ramos,Ester Dean,3
Ester Dean,Afrojack,9
Ester Dean,Michael Woods,9
Ester Dean,Emmy Raver-Lampman,4
Ester Dean,Amber Ruffin,4
Ester Dean,Kathryn Hahn,3
Ester Dean,Ciara,2
Kristen Wiig,Lola Bunny,2
Akon,Waterfall,5
Akon,Play‐N‐Skillz,7
Akon,Baby Bash,5
Akon,Kat DeLuna,2
Akon,MastikSoul,2
Akon,Dada,2
Akon,Paul G,2
Akon,Flo Rida,2
Akon,Hypaton,2
Akon,David Rush,3
Akon,IAmChino,3
Akon,Chacal,2
Coldplay,We Are KING,3
Coldplay,Jacob Collier,2
Coldplay,Eddy B & Tim Gunter,1
We Are KING,Sam Sparro,5
We Are KING,Robert Glasper Experiment,3
We Are KING,Jacob Collier,2
Jacob Collier,Metropole Orkest,5
Jacob Collier,Becca Stevens,4
Jacob Collier,Jules Buckley,4
Jacob Collier,Steve Vai,2
Jacob Collier,VOCES8,2
Jacob Collier,Tori Kelly,2
Jacob Collier,Kiana Ledé,2
Jules Buckley,The Heritage Orchestra,8
Kiana Ledé,MNEK,4
DJ Smallz,DJ Neptune,15
DJ Smallz,Juliu$,11
DJ Smallz,Tha Ayleyes,11
DJ Smallz,DJ Shurefire,11
DJ Smallz,JTru,2
DJ Smallz,Nickelus F,2
Nickelus F,Ohbliv,5
Nickelus F,Radio B.,4
Nickelus F,Namebrand,4
Nickelus F,Portishead,4
Nickelus F,Fly Anakin,3
Nickelus F,Koncept Jack$on,2
Nickelus F,Henny L.O.,2
Nickelus F,JR The Great,2
Nickelus F,Michael Millions,2
Tinashe,Snakehips,6
Tinashe,Chance the Rapper,6
Tinashe,ScHoolboy Q,3
Tinashe,Iggy Azalea,3
Snakehips,Chance the Rapper,6
Chance the Rapper,Hoodie Allen,2
Chance the Rapper,Jeremih,5
Chance the Rapper,SZA,1
Chance the Rapper,Vic Mensa,3
Chance the Rapper,Knox Fortune,2
Chance the Rapper,Action Bronson,2
Chance the Rapper,Saba,2
Chance the Rapper,Chuck Inglish,2
Chance the Rapper,Chip tha Ripper,2
ScHoolboy Q,E‐40,3
ScHoolboy Q,A$AP Rocky,3
ScHoolboy Q,Vince Staples,2
ScHoolboy Q,JasonMartin,2
ScHoolboy Q,Jahkoy,2
ScHoolboy Q,Devin Malik,2
Iggy Azalea,Dua Lipa,1
Iggy Azalea,Rita Ora,22
Iggy Azalea,Jennifer Lopez,8
Iggy Azalea,Angger Dimas,4
Iggy Azalea,JoeySuki,2
Mack Maine,Ace Hood,5
Mack Maine,Curren$y,17
Mack Maine,Boo,8
Mack Maine,Brisco,3
Mack Maine,Short Dawg,2
Mack Maine,Rich Gang,2
Mack Maine,Cory Gunz,2
Ace Hood,Ball Greezy,2
Vince Staples,Billie Eilish,1
Vince Staples,Earl Sweatshirt,6
Vince Staples,Mac Miller,3
Vince Staples,Joey Fatts,3
Vince Staples,Gorillaz,3
Vince Staples,Da$H,2
Vince Staples,Ab‐Soul,2
Vince Staples,Mike G,2
Static Major,Timbaland & Magoo,4
Static Major,Mr. Dalvin,2
Static Major,Aaliyah,2
Bobby Brackins,Jeremih,2
Juicy J,DJ Esco,2
Juicy J,DJ Fletch,16
DJ Esco,Casino,5
DJ Esco,Mexico Rann,2
DJ Esco,Stuey Rock,2
DJ Esco,Babyface Ray,2
Imran Khan,Thierry « Titi » Robin,2
Imran Khan,MC Spyder,2
Dinamarca,La Favi,8
Dinamarca,Meth Math,7
Popcaan,Fredo,2
Popcaan,Vybz Kartel,2
Popcaan,Vanessa Bling,2
Popcaan,Anju Blaxx,2
Popcaan,Davido,2
Popcaan,Chase & Status,2
Popcaan,IRah,2
Chase & Status,Clementine Douglas,3
Billie Eilish,FINNEAS,14
Billie Eilish,David Di Sabato,1
FINNEAS,Attacca Quartet,5
FINNEAS,The Favors,3
FINNEAS,Ashe,3
FINNEAS,Gabrielle Current,2
FINNEAS,Maggie Baird,2
Mac Miller,Termanology,3
Mac Miller,Statik Selektah,2
Mac Miller,Ab‐Soul,2
Mac Miller,RiFF RAFF,2
Mac Miller,SZA,1
Gorillaz,DRAM,5
Hoodie Allen,Connor Price,5
Hoodie Allen,Jared Evan,2
Hoodie Allen,MAX,2
Hoodie Allen,KYLE,2
Hoodie Allen,G‐Eazy,2
G‐Eazy,Nathan Sykes,7
Alonestar,Lifford Shillingford,2
Alonestar,Dirty Pop,2
Star.One,DJ Q,3
Star.One,Lily McKenzie,3
Star.One,Blinkie,3
Star.One,Bugzy Malone,3
Coi Leray,Trippie Redd,3
Coi Leray,Fetty Wap,2
Coi Leray,10X,2
A Boogie Wit da Hoodie,Don Q,5
A Boogie Wit da Hoodie,Roddy Ricch,3
A Boogie Wit da Hoodie,Trap Manny,2
A Boogie Wit da Hoodie,Giggs,2
Elton John,Billy Joel,5
Elton John,Taron Egerton,3
Elton John,Shakin’ Stevens,2
Elton John,Dua Lipa,14
Russ,Bugus,5
Russ,Collie Buddz,2
Russ,Dartlin,2
MK,Alana,19
MK,Jonas Blue,2
MK,Eyelar,2
MK,Carla Monroe,2
MK,Clementine Douglas,5
Jonas Blue,Izzy Bizu,2
D.O.D,Armin van Buuren,4
D.O.D,Laura Welsh,4
D.O.D,Cesar de Melero,3
D.O.D,The Melody Men,2
D.O.D,Cedric Gervais,2
D.O.D,RIELL,2
D.O.D,J.P. Candela,2
D.O.D,Jewelz & Sparks,2
D.O.D,Fedde Le Grand,2
D.O.D,Poppy Baskcomb,2
D.O.D,Becky Hill,2
D.O.D,Lewis Thompson,2
D.O.D,Charlotte Haining,2
Lewis Thompson,Clementine Douglas,4
Lewis Thompson,MNEK,2
Tion Wayne,Russ Millions,6
Tion Wayne,Swarmz,5
Tion Wayne,Jay1,4
Tion Wayne,NSG,3
Tion Wayne,Aitch,3
Tion Wayne,La Roux,3
Tion Wayne,E1 (3x3),2
Tion Wayne,ZT (3x3),2
Tion Wayne,Darkoo,2
Tion Wayne,Sav'O,2
Tion Wayne,6LACK,2
Tion Wayne,Afro B,2
Tion Wayne,Eight9FLY,2
Central Cee,Ice Spice,5
Central Cee,ASHE 22,2
Central Cee,Rondodasosa,2
Central Cee,Nemzzz,2
Mikill Pane,Joanna Moore,4
Mikill Pane,The Heavytrackerz,2
Mikill Pane,Doc Brown,2
Devlin,Ghetts,12
Devlin,Wiley,5
Devlin,Syer B,5
Devlin,Ice Kid,3
Devlin,Dogzilla,2
Devlin,Chip,2
Devlin,Jimmy Sharp,2
Jessie J,DJ Cassidy,13
Jessie J,Robin Thicke,13
Jessie J,Don Diablo,3
Doja Cat,Saweetie,7
Doja Cat,Bebe Rexha,5
Doja Cat,Megan Thee Stallion,2
Doja Cat,Bebe,5
Saweetie,H.E.R.,3
Bebe Rexha,Bebe,79
Bebe Rexha,The Chainsmokers,7
Megan Thee Stallion,Cardi B,5
Megan Thee Stallion,Juvenile,2
Megan Thee Stallion,Maroon 5,1
Megan Thee Stallion,SZA,1
Cardi B,Normani,2
Graham Phillips,[theatre],3
Graham Phillips,Aaron Simon Gross,3
Graham Phillips,Allie Trimm,3
Graham Phillips,Eric Nelsen,2
[theatre],Austen Danielle Bohmer,7
[theatre],Glyndebourne Chorus,6
[theatre],Thomas Blunt,6
[theatre],Orchestra of the Age of Enlightenment,6
[theatre],Iván Fischer,6
[theatre],Lauren Samuels,5
[theatre],Xavier McKinnon,3
[theatre],Aymee Garcia,3
[theatre],Alex Vinh,3
[theatre],Erica Ito,2
[theatre],Jack Costello,2
The Shin Sekaï,Black M,3
The Shin Sekaï,Abou Debeing,2
The Shin Sekaï,GIMS,2
The Shin Sekaï,Dry,2
The Shin Sekaï,L'Institut,2
Tchami,Malaa,21
Tchami,Mercer,7
Tchami,DJ Snake,6
Tchami,HANA,5
Tchami,Todd Edwards,3
Tchami,Kaleena Zanders,3
Tchami,AC Slater,3
Tchami,ZHU,3
Tchami,Chace,2
Tchami,Kaleem Taylor,2
Tchami,Habstrakt,2
Tchami,Lena Leon,2
Tchami,Tony Romera,2
Tchami,Styalz Fuego,2
Arturo Sandoval,Marius Preda,3
Arturo Sandoval,Mike Stern,3
Arturo Sandoval,Dennis Chambers,3
Arturo Sandoval,Tom Kennedy,3
Arturo Sandoval,Teymur Phell,3
Arturo Sandoval,Tudy Zaharescu,3
Arturo Sandoval,Vladimir Cosma,3
Arturo Sandoval,Juan Pablo Torres,3
Arturo Sandoval,Chucho Valdés,3
Arturo Sandoval,WDR Big Band Köln,3
Arturo Sandoval,Joey DeFrancesco,2
Beéle,Shakira,2
Beéle,Manuel Turizo,5
Beéle,Boza,2
Beéle,Totoy el Frío,2
Beéle,Manú,2
Beéle,Nanpa Básico,2
MC Fioti,MC Lan,6
MC Fioti,Mc Ju Bronx,4
MC Fioti,Mc Gimenes,4
MC Fioti,Dj Hanter,4
MC Fioti,MC Gnomo,3
MC Fioti,Mc DR,3
MC Fioti,MC 2R,3
MC Fioti,Mc Luan Zk,2
MC Fioti,MC Vitinho 011,2
MC Fioti,Topo la Máskara,2
MC Fioti,MC Dieguinho,2
MC Fioti,Juan Magán,3
Juan Magán,César del Río,8
Juan Magán,Bodytalk,5
Juan Magán,Marcos Rodríguez,5
Juan Magán,Rich the Kid,3
Juan Magán,RJ Word,3
Juan Magán,El Cata,3
Juan Magán,Luciana,3
Juan Magán,Yera,2
Juan Magán,Don Omar,2
Juan Magán,Víctor Magán,2
Fuego,Jacob Forever,5
Fuego,DJ Shorty,4
Fuego,LDA,2
Fuego,Sensato,2
Fuego,Elvis Costello & The Attractions,2
Fuego,Raquel Sofía,2
Fuego,IAmChino,2
Jacob Forever,Chacal,2
De La Ghetto,KEVVO,2
Tito “El Bambino”,IAmChino,3
KEVVO,Guaynaa,3
Afrojack,Ally Brooke,11
Afrojack,The Partysquad,7
Afrojack,Chico Rose,3
Afrojack,Lucas & Steve,3
Afrojack,DubVision,5
Afrojack,Bonnie McKee,3
Afrojack,R3HAB,2
Afrojack,Mougleta,2
Afrojack,Julian Cross,2
Afrojack,Ambush,2
Afrojack,Mike Williams,2
Lucas & Steve,DubVision,5
DubVision,Zara Larsson,1
DubVision,Martin Garrix,7
DubVision,Feenixpawl,4
DubVision,Jaimes,4
DubVision,Deep Vice,3
DubVision,Syzz,2
DubVision,Sick Individuals,2
DubVision,Jordan Jade,2
DubVision,HANDED,2
DubVision,Joe Taylor,2
Mike Williams,Nicky Romero,2
GLOWINTHEDARK,S.F.B.,12
GLOWINTHEDARK,Philly Moré,10
GLOWINTHEDARK,Chuckie,8
GLOWINTHEDARK,Harrison,3
GLOWINTHEDARK,Nate,2
GLOWINTHEDARK,Ronnie Flex,2
GLOWINTHEDARK,Deorro,2
Harrison,George Harrison,52
Harrison,Ringo Starr,3
Harrison,Ravi Shankar,2
Deorro,IAmChino,3
Joachim Garraud,Charlie Sputnik,8
Joachim Garraud,Ridwello,7
Joachim Garraud,Saito Miyu,5
Joachim Garraud,Sarah Grays,5
Joachim Garraud,Anaklein,4
Joachim Garraud,Alesia,4
Joachim Garraud,Chynna Blue,3
Joachim Garraud,Tara McDonald,2
Joachim Garraud,Julien Créance,2
Joachim Garraud,Roland Clark,2
Joachim Garraud,Chris Willis,4
Waterfall,Play‐N‐Skillz,5
Play‐N‐Skillz,Lil’ Flip,5
Play‐N‐Skillz,Big Tuck,5
Play‐N‐Skillz,Chamillionaire,4
Play‐N‐Skillz,A‐Roma,3
Play‐N‐Skillz,R.J.,3
Play‐N‐Skillz,Frankie J,3
Play‐N‐Skillz,Krayzie Bone,3
Play‐N‐Skillz,Bun B,3
Play‐N‐Skillz,Adina Howard,3
Flo Rida,Marta Sánchez,20
Flo Rida,A‐Roma,2
Hypaton,La Bouche,4
Hypaton,Giuseppe Ottaviani,4
Hypaton,Europe,2
Hypaton,Bonnie Tyler,2
Hypaton,RAYE,2
RAYE,The Heritage Orchestra,13
Kungs,Krystal Klear,4
Kungs,Jamie N Commons,3
Kungs,PNAU,3
Kungs,Boys Noize,2
Kungs,Izzy Bizu,2
Kungs,StarGate,2
Kungs,Josh Golden,2
Kungs,Rose Gray,2
Izzy Bizu,Zerb,10
Izzy Bizu,Sofiya Nzau,10
Izzy Bizu,HONNE,7
Izzy Bizu,Ferreck Dawn,3
Izzy Bizu,Joel Corry,3
Izzy Bizu,Galantis,3
Izzy Bizu,ODESZA,3
Izzy Bizu,KSHMR,2
Izzy Bizu,Milky Chance,2
Izzy Bizu,Robin Schulz,2
Izzy Bizu,CAKES,2
Izzy Bizu,BUNT.,2
Zerb,The Chainsmokers,14
Joel Corry,MNEK,21
Galantis,MNEK,2
Chris Willis,LMFAO,14
Chris Willis,Ultra Naté,10
Chris Willis,Sebastian Ingrosso,9
Chris Willis,Steve Angello,9
Chris Willis,Rave Radio,3
Chris Willis,Sean Finn,3
Chris Willis,Celestal,2
Chris Willis,RuPaul,2
LMFAO,David Rush,2
Sebastian Ingrosso,Alesso,17
MORTEN,Frida Sundemo,11
MORTEN,Nik & Jay,5
MORTEN,Camille Jones,5
MORTEN,ARTBAT,4
MORTEN,Borgeous,2
MORTEN,Lanie Gardner,2
MORTEN,Bonn,2
MORTEN,Joey Moe,2
Shakira,Alejandro Sanz,3
Shakira,Grupo Frontera,1
Shakira,Aleks Syntek,1
Shakira,Bebe,1
Shakira,Belinda,1
Shakira,Mala Rodríguez,1
Shakira,Carlos Jean,1
Shakira,José Mercé,1
Shakira,Miguel Bosé,1
Shakira,La Oreja de Van Gogh,1
Shakira,Marta Sánchez,1
Shakira,Juanes,1
Shakira,Macaco,1
Alejandro Sanz,José Mercé,2
Alejandro Sanz,Juanes,2
Grupo Frontera,Fuerza Regida,7
Grupo Frontera,Carin León,6
Grupo Frontera,Yahritza y su Esencia,2
Grupo Frontera,Manuel Turizo,2
Grupo Frontera,Tito Double P,2
Grupo Frontera,Grupo Firme,2
Manuel Turizo,Marshmello,3
Aleks Syntek,Playa Limbo,3
Aleks Syntek,Fey,2
Aleks Syntek,Miguel Bosé,2
Miguel Bosé,Juanes,2
Bebe,The Chainsmokers,7
Bebe,Alok,5
Bebe,Topic,5
Bebe,Louis Tomlinson,3
Bebe,Digital Farm Animals,3
Bebe,Otto Knows,3
Bebe,Faithless,2
Bebe,Carlos Jean,2
Bebe,Marta Sánchez,2
Bebe,Macaco,2
The Chainsmokers,Dua Lipa,1
The Chainsmokers,Ink,14
The Chainsmokers,Phoebe Ryan,6
The Chainsmokers,bülow,4
The Chainsmokers,Andrew Hollander,2
The Chainsmokers,Absolutely,2
The Chainsmokers,ELIO,2
The Chainsmokers,Kygo,5
Topic,Clean Bandit,5
Belinda,Belinda Carlisle,37
Mala Rodríguez,Chulito Camacho,2
Mala Rodríguez,Kultama,2
Mala Rodríguez,Beatriz Luengo,2
Mala Rodríguez,Kamikaze,2
Mala Rodríguez,Kase.O,2
Carlos Jean,La Oreja de Van Gogh,2
Carlos Jean,Electric Nana,2
La Oreja de Van Gogh,Txetxo Bengoetxea,2
La Oreja de Van Gogh,Los Acústicos,2
José Mercé,Tomatito,6
José Mercé,Enrique de Melchor,3
José Mercé,María Dolores Pradera,2
Marta Sánchez,JEAN MARIE,15
Marta Sánchez,Carlos Baute,4
Juanes,Mon Laferte,2
Juanes,Pablo Milanés,2
Juanes,Morat,2
Macaco,Vandals Gang,6
Macaco,Cheetos,6
Macaco,Calima,2
Macaco,Jorge Drexler,2
SZA,Calvin Harris,1
SZA,anti.negative,1
SZA,DRAM,1
SZA,Jarreau Vandal,1
SZA,Normani,1
SZA,ButeraMoonlight,1
SZA,James Blake,1
SZA,WILLOW,1
Funkadelic,Parliament,8
Funkadelic,George Clinton,6
Funkadelic,“Little” Louie Vega,6
Funkadelic,U.S. Music,2
Funkadelic,Octavepussy,2
Dr. Dre,Knoc‐Turn’Al,5
Dr. Dre,Hittman,4
Dr. Dre,Eminem,2
Dr. Dre,Nature,2
Dr. Dre,Rakim,2
Dr. Dre,Sting,2
Dr. Dre,Six-2,2
Dr. Dre,Fila Fresh Crew,2
Dr. Dre,DJ Critical Hype,2
Eminem,DJ Fletch,50
Eminem,Old World Disorder,3
Eminem,Akinyele,1
Eminem,Planet Asia,1
Eminem,Shabaam Sahdeeq,2
Eminem,SKAM2?,4
Eminem,A.L.,1
Eminem,Kwest Tha Madd Lad,2
Eminem,Skylar Grey,4
Eminem,The Beatles,1
Eminem,DJ Whiteowl,23
Detail,Tiiu,3
Detail,Against,2
Detail,Sunchase,2
Meanz of Operation,AceVane,8
Meanz of Operation,King Ru da 3rd,3
Jeremih,Shlohmo,2
Jeremih,K Camp,2
Jeremih,Natasha Mosley,2
Paul McCartney,Linda McCartney,2
Paul McCartney,John Lennon,2
Maroon 5,H.E.R.,1
Maroon 5,Marshmello,1
Maroon 5,Rozzi,1
H.E.R.,Robert Glasper,3
H.E.R.,Meshell Ndegeocello,3
H.E.R.,Bryson Tiller,2
Marshmello,TRICKSTAR,4
Marshmello,Alesso,2
Marshmello,James Bay,3
Marshmello,SVDDEN DEATH,2
Marshmello,Space Laces,2
Alesso,Calvin Harris,1
Alesso,Ryan Tedder,9
Alesso,Dirty South,7
Alesso,Ruben Haze,6
Alesso,James Bay,2
Alesso,Zara Larsson,1
Rozzi,Scary Pockets,8
Rozzi,stories,7
Rozzi,ARTY,3
DJ Fletch,Gunplay,12
Akinyele,Kool G Rap,7
Akinyele,Sadat X,4
Akinyele,Main Source,2
Planet Asia,Tri State,5
Planet Asia,MidaZ the Beast,5
Planet Asia,The Musalini,4
Planet Asia,Flying Lindus,3
Planet Asia,Hus Kingpin,3
Planet Asia,Wais P,3
Planet Asia,Apollo Brown,3
Planet Asia,Killa Kali,3
Planet Asia,Strong Arm Steady,3
Planet Asia,Rasco,3
Planet Asia,Calvin Valentine,2
Planet Asia,Al'Tarba,2
Planet Asia,DirtyDiggs,2
Planet Asia,Evidence,2
Planet Asia,Milano,2
Planet Asia,Shabaam Sahdeeq,2
Shabaam Sahdeeq,Ras Kass,8
Shabaam Sahdeeq,El Gant,6
Shabaam Sahdeeq,Ran Reed,5
Shabaam Sahdeeq,J57,5
Shabaam Sahdeeq,Reks,4
Shabaam Sahdeeq,Xzibit,3
Shabaam Sahdeeq,Pawz One,3
Shabaam Sahdeeq,DJ Revolution,2
Shabaam Sahdeeq,Mic Handz,2
Shabaam Sahdeeq,Ruste Juxx,2
Shabaam Sahdeeq,SKAM2?,3
Shabaam Sahdeeq,A.L.,2
Shabaam Sahdeeq,Kwest Tha Madd Lad,2
Ras Kass,R.J.,2
SKAM2?,Ill Bill,4
SKAM2?,Jigmastas,4
SKAM2?,DJ EFN,2
SKAM2?,Garcia,2
SKAM2?,Dynas,2
SKAM2?,Mr. Akil,2
SKAM2?,Shadowman,2
SKAM2?,A.L.,2
SKAM2?,Kwest Tha Madd Lad,2
SKAM2?,Miami Beat Wave,2
A.L.,Al Green,67
A.L.,Yasiin Bey,5
A.L.,Kwest Tha Madd Lad,2
Diddy – Dirty Money,Skylar Grey,15
Skylar Grey,Nom de Plume,6
Skylar Grey,Lonely Boy,6
Skylar Grey,deadmau5,5
Skylar Grey,Kaskade,5
Skylar Grey,Sander van Doorn,2
Kaskade,Phoebe Ryan,2
DJ Whiteowl,DJ Moe Sticky,3
Calvin Harris,Clementine Douglas,14
Calvin Harris,John Newman,9
Calvin Harris,Eliza Rose,4
Calvin Harris,Dimitri Vangelis,1
Calvin Harris,Wyman,1
Calvin Harris,Tom Odell,1
Calvin Harris,Example,1
Calvin Harris,Nicky Romero,1
Calvin Harris,W&W,1
Calvin Harris,MEDUZA,1
Calvin Harris,James Carter,1
Calvin Harris,Normani,5
Clementine Douglas,Wh0,10
Clementine Douglas,The Blessed Madonna,6
Clementine Douglas,Dom Dolla,5
Clementine Douglas,Hannah Wants,5
Clementine Douglas,Sonny Fodera,5
Clementine Douglas,GotSome,3
Clementine Douglas,Dillon Nathaniel,2
Clementine Douglas,Riton,2
Clementine Douglas,Major League DJz,2
Clementine Douglas,King Promise,2
Clementine Douglas,SJAY Music,2
The Blessed Madonna,Dua Lipa,17
The Blessed Madonna,Joy Anonymous,6
The Blessed Madonna,Danielle Ponder,6
The Blessed Madonna,Fred again..,3
The Blessed Madonna,Ric Wilson,2
The Blessed Madonna,Kon,2
The Blessed Madonna,Solomun,2
The Blessed Madonna,The Joy,2
The Blessed Madonna,Jacob Lusk,2
Riton,MNEK,3
John Newman,The Heritage Orchestra,2
Eliza Rose,M4A4,4
Eliza Rose,Sally C,4
Eliza Rose,Interplanetary Criminal,3
Eliza Rose,The Trip,3
Eliza Rose,Confidence Man,3
Eliza Rose,Or:la,2
Eliza Rose,MJ Cole,2
Eliza Rose,DJ Tennis,2
Eliza Rose,Cody Currie,2
Dimitri Vangelis,Wyman,4
Dimitri Vangelis,Jonny Rose,3
Wyman,Oliver Wyman,30
Wyman,Neal Stephenson,22
Wyman,Tavia Gilbert,22
Wyman,William Dufris,22
Wyman,理不尽な孫の手,5
Wyman,Brandon Sanderson,2
Tom Odell,Lost Frequencies,3
Nicky Romero,Anouk,6
Nicky Romero,Trilane,6
Nicky Romero,Kokaholla,6
Nicky Romero,Quarterback Baby,6
Nicky Romero,Monocule,4
Nicky Romero,Navarra,4
Nicky Romero,GATTÜSO,3
Nicky Romero,Jared Lee,3
Nicky Romero,Nile Rodgers,3
Nicky Romero,Dimitri Vegas & Like Mike,3
Nicky Romero,Nico & Vinz,2
Nicky Romero,Teamworx,2
Nicky Romero,Amba Shepherd,2
Dimitri Vegas & Like Mike,W&W,9
W&W,Jonas Stenberg,5
W&W,Harris & Ford,2
W&W,Special D.,2
W&W,Wiwek,2
W&W,Moguai,2
MEDUZA,Eddie Meduza,63
MEDUZA,James Carter,2
James Carter,Cyrus Chestnut,9
James Carter,Ivo Perelman,6
James Carter,Ali Jackson,6
James Carter,Reginald Veal,6
James Carter,Sinfonia Varsovia,3
James Carter,Giancarlo Guerrero,3
James Carter,De Nazaten van Prins Hendrik,3
James Carter,Elley Duhé,2
James Carter,FAST BOY,2
James Carter,Sentimentals,2
Elley Duhé,Clean Bandit,5
Normani,Sam Smith,3
Normani,Dua Lipa,2
Normani,Wizkid,2
Dua Lipa,Phoebe Ryan,1
Dua Lipa,Kygo,1
Dua Lipa,Jamiroquai,1
anti.negative,Zach Countryman,2
DRAM,Ellis Quinn,5
DRAM,Bakery Boys,2
DRAM,Guapdad 4000,2
Jarreau Vandal,Nao Yoshioka,2
Jarreau Vandal,Olivia Nelson,2
Jarreau Vandal,Dotboi,2
Jarreau Vandal,Gaidaa,2
Jarreau Vandal,Russ splash,2
ButeraMoonlight,XBLUESKIES,2
James Blake,Endel,15
James Blake,Dave,2
WILLOW,THE ANXIETY,6
WILLOW,Tyler Cole,6
WILLOW,The Embers,5
WILLOW,Jahnavi Harrison,4
WILLOW,Jaden,2
WILLOW,Travis Barker,2
Kanye West,Kanye West Tribute Band,10
Michel Teló,Maria Cecília & Rodolfo,2
A‐Roma,R.J.,2
A‐Roma,Shawn Lewis,2
A‐Roma,Orru Jackson,2
R.J.,RJ Payne,93
R.J.,Stu Bangas,4
R.J.,PA. Dre,4
R.J.,Jay Pluss,3
R.J.,Grafh,3
R.J.,BP,2
R.J.,Tragedy Khadafi,2
R.J.,Conway,2
R.J.,Sunnie Blac,2
R.J.,Flee Lord,2
David Rush,Vein,8
David Rush,Kevin Rudolf,6
David Rush,Qwote,3
Vein,Death,7
Vein,The Satan,7
Vein,Iridium,3
Vein,Motormouth,3
Vein,Inerpois,3
Vein,Backup,3
Vein,Zerberuz,2
Vein,Frenesys,2
IAmChino,Fito Blanko,3
IAmChino,Papayo,3
IAmChino,Chacal,4
IAmChino,Víctor Cárdenas,3
IAmChino,Omar Courtz,2
IAmChino,La Perversa,2
Chacal,El Micha,7
Chacal,David Calzado y La Charanga Habanera,3
Chacal,Willy Chirino,2
Chacal,Srta. Dayana,2
Chacal,Osmani García,2
Chacal,Alex Duvall,2
Chacal,El Chulo,2
Prince Royce,Romeo Santos,8
Prince Royce,Jennifer Lopez,3
Prince Royce,Ha*Ash,2
Prince Royce,Natti Natasha,2
Jennifer Lopez,Ja Rule,6
Jennifer Lopez,Caddillac Tah,4
Nicola Fasano,Pat‐Rich,19
Nicola Fasano,Dual Beat,6
Nicola Fasano,Plastik Funk,6
Nicola Fasano,Steve Forest,5
Nicola Fasano,Outwork,5
Nicola Fasano,Mr. Gee,4
Nicola Fasano,Yoshimoto,4
Nicola Fasano,Lumidee,3
Nicola Fasano,Club Dogo,3
Nicola Fasano,Mohombi,3
Nicola Fasano,Salento Guys,2
Nicola Fasano,RKN,2
Mohombi,Lin C,14
Mohombi,Joey Montana,14
Mohombi,Jessy Matador,13
Mohombi,Alexandra Stan,8
Mohombi,DJ Assad,6
Mohombi,Craig David,6
Mohombi,Greg Parys,6
Mohombi,Marc Mysterio,3
Erick Morillo,Pete Tong,3
Phoebe Ryan,Tritonal,10
Phoebe Ryan,Cash Cash,3
Phoebe Ryan,Mt Eden,3
Phoebe Ryan,LOKII,2
Phoebe Ryan,Skizzy Mars,2
Kygo,Conrad Sewell,6
Kygo,Dillon Francis,6
Kygo,James Hersey,6
Kygo,Kyla La Grange,4
Kygo,Victoria Nadine,3
Kygo,Ellie Goulding,3
Kygo,Andrew Jackson,2
Kygo,Sandro Cavazza,2
Lana Del Rey,Parov Stelar,1
Lana Del Rey,R3B3L General,1
Parov Stelar,Anduze,2
Parov Stelar,Mani Hoffman,2
Zara Larsson,BTS,1
Zara Larsson,MNEK,1
Zara Larsson,djSalem,1
Zara Larsson,Usher,1
Zara Larsson,Clean Bandit,1
Zara Larsson,Eshon Burgundy,1
Zara Larsson,Courtney Orlando,1
Zara Larsson,J Givens,1
Zara Larsson,Pete Tong,1
Zara Larsson,The Heritage Orchestra,1
Zaytoven,Usher,2
MNEK,Lee Walker,4
MNEK,DJ Deeon,4
MNEK,Katy B,4
MNEK,Matoma,4
MNEK,House Gospel Choir,3
MNEK,Hailee Steinfeld,2
MNEK,Sub Focus,2
MNEK,Paul Woolford,2
djSalem,Clean Bandit,2
Clean Bandit,Stylo G,7
Clean Bandit,Wes Nelson,5
Clean Bandit,MARINA,5
Clean Bandit,BBC Philharmonic,3
Clean Bandit,Luis Fonsi,3
Clean Bandit,Nikki Cislyn,3
Clean Bandit,A7S,3
Clean Bandit,Yasmin Green,2
Clean Bandit,Love Ssega,2
Clean Bandit,Eliza Shaddad,2
Clean Bandit,Jess Glynne,2
Usher,Tristan Garner,2
Usher,The Wanted,2
Usher,Neon Hitch,2
Usher,Gary Go,2
Eshon Burgundy,Zara Royalty,7
Eshon Burgundy,J. Johnson,3
Eshon Burgundy,Jeremiah Bligen,3
Eshon Burgundy,Evyr,2
Eshon Burgundy,Andre Ward,2
Eshon Burgundy,Kristin Taylor,2
Eshon Burgundy,Derek Minor,2
Eshon Burgundy,Bizzle,2
Courtney Orlando,Flame,8
Courtney Orlando,Sho Baraka,7
Courtney Orlando,Json,7
Courtney Orlando,Thi'sl,6
Courtney Orlando,Lecrae,6
Courtney Orlando,Da’ T.R.U.T.H.,5
Courtney Orlando,Trip Lee,4
Courtney Orlando,R‐Swift,2
Courtney Orlando,KJ‐52,2
Pete Tong,Sasha,13
Pete Tong,Danny Rampling,11
Pete Tong,Paul Oakenfold,11
Pete Tong,Seb Fontaine,9
Pete Tong,Carl Cox,8
Pete Tong,Judge Jules,8
Pete Tong,John Digweed,6
Pete Tong,Paul van Dyk,4
Pete Tong,Col Hamilton,3
Pete Tong,Laurent Garnier,3
Pete Tong,The Heritage Orchestra,31
Pete Tong,Paul Bleasdale,3
Pete Tong,Claudio Coccoluto,2
Pete Tong,Timo Maas,2
The Heritage Orchestra,DJ Yoda,17
The Heritage Orchestra,Tim Minchin,7
The Heritage Orchestra,UNKLE,6
The Heritage Orchestra,Kölsch,3
The Heritage Orchestra,Gregor Schwellenbach,3
